{"upper_left_x":333.32516804405054,"upper_left_y":0,"bottom_right_x":2300.49009420566,"bottom_right_y":1953,"time":1480178314701,"is_final":false,"event_type":"movement","op_order":13,"id":13}