{"upper_left_x":513.6486196088648,"upper_left_y":0,"bottom_right_x":2480.813545770475,"bottom_right_y":1953,"time":1480178315634,"is_final":false,"event_type":"movement","op_order":16,"id":16}