{"upper_left_x":568.2920897800207,"upper_left_y":0,"bottom_right_x":2535.4570159416307,"bottom_right_y":1953,"time":1480178315952,"is_final":false,"event_type":"movement","op_order":17,"id":17}