{"upper_left_x":516.4175369191951,"upper_left_y":0,"bottom_right_x":2483.5824630808047,"bottom_right_y":1953,"time":1480178311283,"is_final":false,"event_type":"movement","op_order":7,"id":7}